<?xml version="1.0" encoding="UTF-8"?>
<GenRun Id="impl_2" LaunchPart="xc7z010clg400-1" LaunchTime="1460364826">
  <File Type="RUN-CONSTRS" Name="$PDATADIR/runs/impl_2/constrs_in.xml"/>
  <File Type="RUN-SRCS" Name="$PDATADIR/runs/impl_2/sources.xml"/>
  <File Type="RUN-STRAT" Name="$PDATADIR/runs/impl_2/impl_2.psg"/>
  <File Type="PA-TCL" Name="Interface_Master_BD_wrapper.tcl"/>
  <File Type="OPT-DCP" Name="Interface_Master_BD_wrapper_opt.dcp"/>
  <File Type="OPT-DRC" Name="Interface_Master_BD_wrapper_drc_opted.rpt"/>
  <File Type="PWROPT-DCP" Name="Interface_Master_BD_wrapper_pwropt.dcp"/>
  <File Type="PWROPT-DRC" Name="Interface_Master_BD_wrapper_drc_pwropted.rpt"/>
  <File Type="PLACE-DCP" Name="Interface_Master_BD_wrapper_placed.dcp"/>
  <File Type="PLACE-IO" Name="Interface_Master_BD_wrapper_io_placed.rpt"/>
  <File Type="POSTROUTE-PHYSOPT-DCP" Name="Interface_Master_BD_wrapper_postroute_physopt.dcp"/>
  <File Type="BITSTR-MMI" Name="Interface_Master_BD_wrapper.mmi"/>
  <File Type="POSTROUTE-PHYSOPT-TIMING" Name="Interface_Master_BD_wrapper_timing_summary_postroute_physopted.rpt"/>
  <File Type="BITSTR-SYSDEF" Name="Interface_Master_BD_wrapper.sysdef"/>
  <File Type="POSTROUTE-PHYSOPT-TIMING-RPX" Name="Interface_Master_BD_wrapper_timing_summary_postroute_physopted.rpx"/>
  <File Type="BG-BIT" Name="Interface_Master_BD_wrapper.bit"/>
  <File Type="ROUTE-SIMILARITY" Name="Interface_Master_BD_wrapper_incremental_reuse_routed.rpt"/>
  <File Type="BG-BIN" Name="Interface_Master_BD_wrapper.bin"/>
  <File Type="BITSTR-MSK" Name="Interface_Master_BD_wrapper.msk"/>
  <File Type="POSTPLACE-PWROPT-DCP" Name="Interface_Master_BD_wrapper_postplace_pwropt.dcp"/>
  <File Type="BITSTR-RBT" Name="Interface_Master_BD_wrapper.rbt"/>
  <File Type="BITSTR-NKY" Name="Interface_Master_BD_wrapper.nky"/>
  <File Type="PHYSOPT-DCP" Name="Interface_Master_BD_wrapper_physopt.dcp"/>
  <File Type="BITSTR-BMM" Name="Interface_Master_BD_wrapper_bd.bmm"/>
  <File Type="PHYSOPT-DRC" Name="Interface_Master_BD_wrapper_drc_physopted.rpt"/>
  <File Type="RDI-RDI" Name="Interface_Master_BD_wrapper.vdi"/>
  <File Type="POSTROUTE-PHYSOPT-TIMING-PB" Name="Interface_Master_BD_wrapper_timing_summary_postroute_physopted.pb"/>
  <File Type="WBT-USG" Name="usage_statistics_webtalk.html"/>
  <File Type="BG-DRC" Name="Interface_Master_BD_wrapper.drc"/>
  <File Type="BG-BGN" Name="Interface_Master_BD_wrapper.bgn"/>
  <File Type="ROUTE-TIMING-RPX" Name="Interface_Master_BD_wrapper_timing_summary_routed.rpx"/>
  <File Type="ROUTE-TIMING-PB" Name="Interface_Master_BD_wrapper_timing_summary_routed.pb"/>
  <File Type="ROUTE-TIMINGSUMMARY" Name="Interface_Master_BD_wrapper_timing_summary_routed.rpt"/>
  <File Type="ROUTE-STATUS-PB" Name="Interface_Master_BD_wrapper_route_status.pb"/>
  <File Type="ROUTE-STATUS" Name="Interface_Master_BD_wrapper_route_status.rpt"/>
  <File Type="ROUTE-PWR-SUM" Name="Interface_Master_BD_wrapper_power_summary_routed.pb"/>
  <File Type="ROUTE-PWR" Name="Interface_Master_BD_wrapper_power_routed.rpt"/>
  <File Type="ROUTE-DRC-PB" Name="Interface_Master_BD_wrapper_drc_routed.pb"/>
  <File Type="ROUTE-DRC" Name="Interface_Master_BD_wrapper_drc_routed.rpt"/>
  <File Type="ROUTE-DCP" Name="Interface_Master_BD_wrapper_routed.dcp"/>
  <File Type="PLACE-PRE-SIMILARITY" Name="Interface_Master_BD_wrapper_incremental_reuse_pre_placed.rpt"/>
  <File Type="PLACE-SIMILARITY" Name="Interface_Master_BD_wrapper_incremental_reuse_placed.rpt"/>
  <File Type="PLACE-CTRL" Name="Interface_Master_BD_wrapper_control_sets_placed.rpt"/>
  <File Type="PLACE-UTIL-PB" Name="Interface_Master_BD_wrapper_utilization_placed.pb"/>
  <File Type="PLACE-UTIL" Name="Interface_Master_BD_wrapper_utilization_placed.rpt"/>
  <File Type="PLACE-CLK" Name="Interface_Master_BD_wrapper_clock_utilization_placed.rpt"/>
  <FileSet Name="sources" Type="DesignSrcs" RelSrcDir="$PSRCDIR/sources_1">
    <Filter Type="Srcs"/>
    <File Path="$PSRCDIR/sources_1/bd/Interface_Master_BD/Interface_Master_BD.bd">
      <FileInfo>
        <Attr Name="ImportPath" Val="$PPRDIR/../../../../65816_Interface_System.srcs/sources_1/bd/Interface_Master_BD/Interface_Master_BD.bd"/>
        <Attr Name="ImportTime" Val="1459032808"/>
        <Attr Name="UsedIn" Val="synthesis"/>
        <Attr Name="UsedIn" Val="implementation"/>
        <Attr Name="UsedIn" Val="simulation"/>
      </FileInfo>
    </File>
    <File Path="$PSRCDIR/sources_1/bd/Interface_Master_BD/hdl/Interface_Master_BD_wrapper.vhd">
      <FileInfo>
        <Attr Name="ImportPath" Val="$PPRDIR/../../../../65816_Interface_System.srcs/sources_1/bd/Interface_Master_BD/hdl/Interface_Master_BD_wrapper.vhd"/>
        <Attr Name="ImportTime" Val="1459032808"/>
        <Attr Name="UsedIn" Val="synthesis"/>
        <Attr Name="UsedIn" Val="simulation"/>
      </FileInfo>
    </File>
    <File Path="$PPRDIR/../../../../archive_project_summary.txt"/>
    <File Path="$PSRCDIR/sources_1/bd/Interface_Master_BD/ip/Interface_Master_BD_clk_wiz_0_0/Interface_Master_BD_clk_wiz_0_0.upgrade_log">
      <FileInfo>
        <Attr Name="ImportPath" Val="$PPRDIR/../../../../65816_Interface_System.srcs/sources_1/bd/Interface_Master_BD/ip/Interface_Master_BD_clk_wiz_0_0/Interface_Master_BD_clk_wiz_0_0.upgrade_log"/>
        <Attr Name="ImportTime" Val="1459223495"/>
      </FileInfo>
    </File>
    <File Path="$PSRCDIR/sources_1/bd/Interface_Master_BD/ip/Interface_Master_BD_processing_system7_0_0/Interface_Master_BD_processing_system7_0_0.upgrade_log">
      <FileInfo>
        <Attr Name="ImportPath" Val="$PPRDIR/../../../../65816_Interface_System.srcs/sources_1/bd/Interface_Master_BD/ip/Interface_Master_BD_processing_system7_0_0/Interface_Master_BD_processing_system7_0_0.upgrade_log"/>
        <Attr Name="ImportTime" Val="1459223504"/>
      </FileInfo>
    </File>
    <File Path="$PSRCDIR/sources_1/bd/Interface_Master_BD/ip/Interface_Master_BD_rst_processing_system7_0_71M_0/Interface_Master_BD_rst_processing_system7_0_71M_0.upgrade_log">
      <FileInfo>
        <Attr Name="ImportPath" Val="$PPRDIR/../../../../65816_Interface_System.srcs/sources_1/bd/Interface_Master_BD/ip/Interface_Master_BD_rst_processing_system7_0_71M_0/Interface_Master_BD_rst_processing_system7_0_71M_0.upgrade_log"/>
        <Attr Name="ImportTime" Val="1459223504"/>
      </FileInfo>
    </File>
    <File Path="$PSRCDIR/sources_1/bd/Interface_Master_BD/ip/Interface_Master_BD_AXIinterfacefor65816_0_0/Interface_Master_BD_AXIinterfacefor65816_0_0.upgrade_log">
      <FileInfo>
        <Attr Name="ImportPath" Val="$PPRDIR/../../../../65816_Interface_System.srcs/sources_1/bd/Interface_Master_BD/ip/Interface_Master_BD_AXIinterfacefor65816_0_0/Interface_Master_BD_AXIinterfacefor65816_0_0.upgrade_log"/>
        <Attr Name="ImportTime" Val="1460364728"/>
      </FileInfo>
    </File>
    <Config>
      <Option Name="DesignMode" Val="RTL"/>
      <Option Name="TopModule" Val="Interface_Master_BD_wrapper"/>
      <Option Name="TopAutoSet" Val="TRUE"/>
    </Config>
  </FileSet>
  <FileSet Name="constrs_in" Type="Constrs" RelSrcDir="$PSRCDIR/constrs_1">
    <Filter Type="Constrs"/>
    <File Path="$PSRCDIR/constrs_1/imports/65816_Interface_System/ZYBO_Master.xdc">
      <FileInfo>
        <Attr Name="ImportPath" Val="$PPRDIR/../../../../../../../../Desktop/65816_Interface_System/ZYBO_Master.xdc"/>
        <Attr Name="ImportTime" Val="1459032739"/>
        <Attr Name="UsedIn" Val="synthesis"/>
        <Attr Name="UsedIn" Val="implementation"/>
      </FileInfo>
    </File>
    <Config>
      <Option Name="TargetConstrsFile" Val="$PSRCDIR/constrs_1/imports/65816_Interface_System/ZYBO_Master.xdc"/>
      <Option Name="ConstrsType" Val="XDC"/>
    </Config>
  </FileSet>
  <Strategy Version="1" Minor="2">
    <StratHandle Name="Vivado Implementation Defaults" Flow="Vivado Implementation 2014"/>
    <Step Id="init_design"/>
    <Step Id="opt_design"/>
    <Step Id="power_opt_design"/>
    <Step Id="place_design"/>
    <Step Id="post_place_power_opt_design"/>
    <Step Id="phys_opt_design"/>
    <Step Id="route_design"/>
    <Step Id="post_route_phys_opt_design"/>
    <Step Id="write_bitstream"/>
  </Strategy>
</GenRun>
